,tweet,username,urls,discount,price
0,lazada 11.11.2019 diskon terbesar 24 jam https://t.co/8qjlwzwez8,Vallno_07,['https://t.co/8qjlwzwez8'],[],[]
1,@garudacares bagaimana cara tukar mileage diskon 70% (garudamiles year_end festival)?,Nug_QA,[],['70%'],[]
2,"sejarah asia tenggara karya m.c. ricklefs rp 350.000 diskon rp 210.000  order: https://t.co/vietimemom  atau   wa 0813-8543-0505 komunitas bambu jl. taufiqurrahman no.3 beji timur, depok  buka senin-jumat pukul 08.00-17.00 wib  #komunitasbambu #sejarahasiatenggara https://t.co/xxdt22uodi",KomunitasBambu,"['https://t.co/vietimemom', 'https://t.co/xxdt22uodi']",[],"['350.000', '210.000']"
3,tah diskon 50% cenah..  yuk diserbu..   https://t.co/4vsqpgan7h,AmaAbiyyunShoh,['https://t.co/4vsqpgan7h'],['50%'],[]
4,yaampun kak aulll. eh tapi itu make over lagi diskon kak? https://t.co/o8kgl937hf,tyoungjaems,['https://t.co/o8kgl937hf'],[],[]
5,pesta harga akhir tahun di giias medan auto show 2018! banyak promo dan diskon khusus yang hanya berlaku selama pameran giias medan berlangsung. slide langsung yuk https://t.co/pkivniwwcf,IcanIndopro,['https://t.co/pkivniwwcf'],[],[]
6,hanya hari ini! shopee promo 11.11 big sale! 11.11 mom &amp; kids day  produk ibu &amp; anak diskon hingga 90% off! https://t.co/2lm7abrakt https://t.co/9cre7criko,katalogpromosi,"['https://t.co/2lm7abrakt', 'https://t.co/9cre7criko']",['90%'],[]
7,"cgv cinemas kini hadir di icon mall #gresik . dapatkan diskon 20% untuk pembelian min. 2 tiket nonton melalui aplikasi/web goers, dengan menggunakan kode voucher https://t.co/yjjlib7xov",GoersApp,['https://t.co/yjjlib7xov'],['20%'],[]
8,"beli tiket kereta api di @tokopedia diskon 20% pakai epay bri, min. trx. rp100rb. info lengkap https://t.co/1cvgqewbkc https://t.co/ho4z2ub2uk",promo_BRI,"['https://t.co/1cvgqewbkc', 'https://t.co/ho4z2ub2uk']",['20%'],['100.000']
9,buat kalian yang bisa jajan di alfamart - yuk di cek dulu katalog belanja alfamart periode 01-15 november 2018 | mana tau ada diskon buat produk yang lagi kalian pengen beli | lihat yuk selengkapnya disini https://t.co/tqa8sl8mqk https://t.co/op5s58d4pu,katalogpromosi,"['https://t.co/tqa8sl8mqk', 'https://t.co/op5s58d4pu']",[],[]
10,"starbucks promo diskon 50% untuk pembelian minuman holiday special*, menggunakan starbucks tumbler / mug dan kartu kredit bca | lihat dulu yuk syarat dan ketentuan lengkapnya disini https://t.co/p3dax4wl1c",katalogpromosi,['https://t.co/p3dax4wl1c'],['50%'],[]
11,sempurnakan alat dapurmu yuk! peralatan dapur yang kamu butuhkan diskon hingga 84%!!  belanja sekarang yuk &gt;&gt; https://t.co/ynd6yiflzy https://t.co/opb1ozhgr4,alfacartID,"['https://t.co/ynd6yiflzy', 'https://t.co/opb1ozhgr4']",['84%'],[]
12,@yrachmania temen gue nitip temennya pas di hongkong lagi diskon 30rebu doang tjoy ,urpoisonivy,[],[],['30.000']
13,"prime gears beri diskon menarik helm arai, taichi dan komine di imos 2018 - https://t.co/uvtwkflgnb https://t.co/n6evoizn6w",motovaganza,"['https://t.co/uvtwkflgnb', 'https://t.co/n6evoizn6w']",[],[]
14,"@fiiildzah @gojekindonesia nggak tau nih kak, tiba2 dapat 10 voucher diskon gocar",ademutiaraa,[],[],[]
15,"sesuai janji kami beberapa bulan lalu, kini program diskon big thank you sale 25% berlaku seluruh indonesia di sepanjang bulan november ini! spesial untuk buku sastra! #bukugpu  https://t.co/f9lnzlkyia",bukugpu,['https://t.co/f9lnzlkyia'],['25%'],[]
16,"longdress polos renda ukuran: tercantum di gambar, no accessories bahan: tercantum di gambar   harga ecer: 120rb/pcs  beli banyak dapat diskon  reseller welcome  contact &amp; order: check bio https://t.co/rae6xsay2m",ria_indra,['https://t.co/rae6xsay2m'],[],['120.000']
17,"gmarket lagi ada diskon mega sale nih,  wanna one album set jadi 25.500 won (aslinya 34.000 won) trus yg kihno ver jadi 15.800 won (aslinya 20.000 won)   should i buy all of them? ",jinhwiyaa,[],[],"['25.500', '34.000', '15.800', '20.000']"
18,@indonesiagaruda sdh dcoba berulang2 malah pas bs pilih schedule poinnya gk diskon 70%...benar systemnya kah?,Nug_QA,[],['70%'],[]
19,"cardholders, jangan lupa yah kalau mau beli tiket untuk traveling, ingat qatar airways karena dengan #mandiricard sedang ada diskon 10% loh. yuk tunggu apalagi. https://t.co/mzv5fccxnz #mandiripromo https://t.co/ttl4ouao65",mandiricard,"['https://t.co/mzv5fccxnz', 'https://t.co/ttl4ouao65']",['10%'],[]
20,"@benzbara_ @storialco kalau nggak salah, buat baca espresso, sy menghabiskan pulsa sekitar 50ribuan buat isi coin storial. diskon coin  sampe 50%. nggak terlalu berasa karena beli coinnya juga nyicil. jadi kantong tak sobek kok ",iladelfa,[],['50%'],['50.000']
21,kamu bakalan dapat diskon 25% kalo beli tiket pake kartu btn https://t.co/tgrfuhaogr  #ecogreenpark,ecogreenpark,['https://t.co/tgrfuhaogr'],['25%'],['25.000']
22,https://t.co/xvvp3ikdvy bekerja sama dengan korea tourism organization (kto) menggelar promosi diskon rp 1.000.000. https://t.co/i0gusxn61l,KompasTravel,"['https://t.co/xvvp3ikdvy', 'https://t.co/i0gusxn61l']",[],['1.000.000']
23,#pragiwaksono amsterdam teramat menyenangkan. gue kembali dengan batik dari @batikplatform . jangan lupa belanja di website @batikplatform pake promo code pragiwaksono akan dapet diskon https://t.co/cmqyxulsdf,pandji,['https://t.co/cmqyxulsdf'],[],[]
24,"hai millenials bogor, kami akan hadir di botani square mulai lusa s/d 11 november 2018. dapatkan harga tiket diskon spesial untuk kunjunganmu di libur akhir tahun  https://t.co/rk8be96tru #jungleland #duniaceria #junglelandteduh #2018goestojungleland https://t.co/87v91btq0s",JungleLand_Indo,"['https://t.co/rk8be96tru', 'https://t.co/87v91btq0s']",[],[]
25,halo adakah yg buka go prive shirt yg lg diskon 30% ini?? ongkirnya gila bgt w gk kuat kalo sendiri :(,sooisxing,[],['30%'],[]
26,"#sahabatkai, mulai 25 oktober 2018 pemesanan tiket via kai access, contact center 121 dan web https://t.co/sqedaro4oj, tidak dikenakan biaya pemesanan tiket dan diskon channel #ayonaikkereta https://t.co/odjtz4k0xk",KAI121,"['https://t.co/sqedaro4oj,', 'https://t.co/odjtz4k0xk']",[],[]
27,diskon 30% lho... @ new taipei city https://t.co/gdcgvg3fvf,PrimadonnaINA,['https://t.co/gdcgvg3fvf'],['30%'],[]
28,"@bayu_joo kalo harga 120.000 didiskon spt diatas = dapet diskon 84.000 = 36.000 didiskon lagi 30% = dapet diskon 10.800, jadi bayar 25.200  gitu bukan kak? hweee",nosa_saraswati,[],['30%'],"['120.000', '84.000', '36.000', '10.800', '25.200']"
29,jual buku serba diskon: sejarah islam di tanah jawa https://t.co/h8kduiehqr,eswaachmad,['https://t.co/h8kduiehqr'],[],[]
30,pen &amp; paw menjual kaos-kaos branded dan murah2.. diskon 10% untuk all item!! buruan add 2256ea97 ##penandpaw,penandpaw,[],['10%'],[]
31,indocomtech 2018: cashback hingga diskon 90% https://t.co/9fncbqt9az @inilahdotcom,wbtvportal,['https://t.co/9fncbqt9az'],['90%'],[]
32,indocomtech 2018: cashback hingga diskon 90% https://t.co/pi7hw6b6r2,ayobaca123,['https://t.co/pi7hw6b6r2'],['90%'],[]
33,jual buku serba diskon: petuah-petuah leluhur jawa https://t.co/dyaobsvwbs,eswaachmad,['https://t.co/dyaobsvwbs'],[],[]
34,hi #kangseekmiquiz hadir kembali yuk di jawab dan dapatkan voucher diskon yang bisa dipakai untuk cuci ac dari https://t.co/8b3cjruytm. yuk langsung jawab dengan format: nama (spasi) kota (spasi) jawaban  #seekmi #seekmiaja #kangseekmiquiz #kangseekmi #jabodetabek https://t.co/oumjgv9npv,SeekmiApp,"['https://t.co/8b3cjruytm.', 'https://t.co/oumjgv9npv']",[],[]
35,"tunik marbella ukuran: tercantum di gambar, no accessories bahan: tercantum di gambarnya harga ecer: 110rb/pcs beli banyak dapat diskon reseller/dropship welcome  contact &amp; order: check https://t.co/wkouftu9v7",ria_indra,['https://t.co/wkouftu9v7'],[],['110.000']
36,halo! temanmu baru mengirimkan rp7.500 di lazada. https://t.co/mrqabjljvs diskon besar besaran https://t.co/gxulurwzwd,Sanderia10,"['https://t.co/mrqabjljvs', 'https://t.co/gxulurwzwd']",[],[]
37,"nginap di hotel ini, peserta bpjs cuma bayar setengah!  banyak diskon lainnya juga ditawarkan pesonna hotel semarang. https://t.co/lyb189wmb6 https://t.co/lyb189wmb6",sumberita_id,"['https://t.co/lyb189wmb6', 'https://t.co/lyb189wmb6']",[],[]
38,"@peyekkeyep @infomalang belut prima cak wanto juga sip, apalagi kalo belinya pake ojol yg suka ngasi diskon mabelasrebu itu. ",MLG_backpacker,[],[],[]
39,"bingung bgt ini &gt;&lt; beli di gmarket apa po olshop biasa (eg:https://t.co/w8h8qzzvuq) ? kalo beli di gmarket beli full apa album aja ya? gmarket (ada diskon) : album set + kihno + ems = 790k , album set + ems = 560k   bingung bgt &gt;&lt; siapapun tolong akuuu https://t.co/qxokieli6j",jinhwiyaa,"['https://t.co/w8h8qzzvuq)', 'https://t.co/qxokieli6j']",[],"['790.000', '560.000']"
40,"@mffttaa hi, terkait diskon merchant silahkan kamu konfirmasikan ke pihak merchant langsung ya, untuk informasi kode diskon kredivo hanya dapat di lakukan pada transaksi pertama di kredivo ya. salam hangat :)",kredivo,[],[],[]
41,"octosave dari @misteraladinid diperpanjang lho! kamu bisa nikmatin diskon s.d 15% (maks. rp1,2 juta) untuk semua hotel di mister aladin sampai dengan 04 november lho. tunggu apalagi? ayo, pesan sekarang juga! cek: https://t.co/nvang96wzt https://t.co/nta3qzmkep",MNCPlayID,"['https://t.co/nvang96wzt', 'https://t.co/nta3qzmkep']",['15%'],['12.000.000']
42,"octosave dari @misteraladinid diperpanjang lho! kamu bisa nikmatin diskon s.d 15% (maks. rp1,2 juta) untuk semua hotel di mister aladin sampai dengan 04 november lho. tunggu apalagi? ayo, pesan sekarang juga! cek: https://t.co/tavtnjwmds https://t.co/czctlxurju",MNCupdate,"['https://t.co/tavtnjwmds', 'https://t.co/czctlxurju']",['15%'],['12.000.000']
43,"hi friends, kami hadir kembali tahun ini di indocomtech. langsung mampir ke booth https://t.co/69vhdy5m72 buat kamu yg lg cari gadget terkini dgn diskon yg luar biasa. yuk ke hall a jcc senayan! #bliblionindocomtech https://t.co/t3oniujgt7",bliblidotcom,"['https://t.co/69vhdy5m72', 'https://t.co/t3oniujgt7']",[],[]
44,"brands favorit sekelas fossil dan fujifilm siap bikin kamu menjerit! gimana enggak, semuanya bakal kebagian cashback 100% dan diskon sampai 70%. buruan #bliblisekarang,  hanya di #histeriajeratjerit, kalau kamu gak mau kehabisan.",bliblidotcom,[],"['100%', '70%']",[]
45,happy halloween! saatnya menikmati treats of the week dari handphone &amp; all tablet hanya di https://t.co/69vhdymxvc! penawaran dan diskon spesialnya dijamin buat kamu merinding!,bliblidotcom,['https://t.co/69vhdymxvc!'],[],[]
46,"tampil cantik juga butuh peralatan lengkapnya dong. di sini kamu bisa dapatkan banyak pilihan untuk semua peralatan yang kamu butuhkan, dengan diskon spesial tentunya. cek dan #bliblisekarang yuk ;)",bliblidotcom,[],[],[]
47,"hi girls! office look kece #rabucantik dari brand ternama seperti fossil, melissa, dan lain - lain siap bikin penampilanmu makin oke. diskon spesialnya sampai  75% dan masih ada diskon tambahan lainnya loh. cek dan #bliblisekarang yuk ;)",bliblidotcom,[],['75%'],[]
48,"hey bro, vga card nvidia dapat ekstra diskon hinga rp150.000 loh! sebelum kehabisan buruan cek dan #bliblisekarang yuk ",bliblidotcom,[],[],['150.000']
49,"@nayasaa iya, pas discount period due to their openingnya. (so jaksel tapi males translate)  kemaren uniqlo sency diskon semingguan.",pisangmadu,[],[],[]
50,"diskon toyota bogor, hub: 085701512000 #toyotabogor",BogorSHOPPING,[],[],[]
51,dapatkan banyak diskon dan harga spesial di ace hardware big mall samarinda. jangan sampai kehabisan yaa bigers~ https://t.co/uitwgvczos,bigmall_smd,['https://t.co/uitwgvczos'],[],[]
52,breadlife promo pay 2 for 3 / pay 6 for 12 / diskon hingga 30% dengan kartu debit bca  kartu kredit bca  flazz dan sakuku | lihat informasi dan ketentuan promosi selengkapnya disini : https://t.co/oobjqmm7ag,katalogpromosi,['https://t.co/oobjqmm7ag'],['30%'],[]
53,"cardholders, sudah pada gajian belum nih? setelah gajian boleh banget loh makan siang bareng sahabat di tom tom. jangan lupa gunakan #mandiricard dan nikmati diskon 20% #mandiripromo https://t.co/lh9p7xwy24 https://t.co/cygvk9ncbc",mandiricard,"['https://t.co/lh9p7xwy24', 'https://t.co/cygvk9ncbc']",['20%'],[]
54,"halo! jadi big bad wolf (bbw) lagi ada di medan nih. aku mau buka jastip, siapa tau ada yg mau beli buku dr bbw, lumayan loh buku impornya diskon dr 60-80% anw, jastipnya 20rb aja per transaksi. nanti kalian blg mau buku apa terus aku cariin getoh",bymaxx23,[],['60-80%'],['20.000']
55,siapa lagi yang mau join reseller nibras kak... berikut ketentuannya: pembelian mulai 1 pcs diskon 10% mulai 3 pcs diskon 15% mulai 6 pcs diskon 20% yang malu2 chat mimin 082324126647,niessa_Zoeharto,[],"['10%', '15%', '20%']",[]
56,yang perlu anda ketahui sebelum festival belanja 11/11 dan 12/12 https://t.co/vhnem8dg6x  akhir tahun merupakan pesta bagi pelaku e-commerce di indonesia dan asia tenggara. hal ini disebabkan banyak promo diskon seperti 11/11 dan 12/12 yang jatuh di pengujung tahun. data criteo,SayaSukaGudeg,['https://t.co/vhnem8dg6x'],[],[]
57,spesial 59rb saja sis! yes! tas cakep eba1602 ini tersedia 2 warna! cakep siss. mauu?? harga di website https://t.co/tw33rvjqcx belum diskon! bisa diskon 60rb setelah member! member itu gratis sis! https://t.co/pt35ma5qwx,peduligaya,"['https://t.co/tw33rvjqcx', 'https://t.co/pt35ma5qwx']",[],"['59.000', '60.000']"
58,https://t.co/zi6m0uu8cfambil voucher &amp; dapatkan diskonmarvel avengers infinity war t-shirt style #13 - navy [s] harga awal: rp 89.000 harga https://t.co/zi6m0uu8cf: rp 71.200 link: https://t.co/cqia5qkeyb,eka_octo,"['https://t.co/zi6m0uu8cfambil', 'https://t.co/zi6m0uu8cf:', 'https://t.co/cqia5qkeyb']",[],"['89.000', '71.200']"
59,@dumai_nakama sekarang lagi ada diskon kok grameds. diskon 15% buku terbitan gramedi dan produk special gramedia untuk pengguna kartu kredit bri dan diskon 10% buku terbitan gramedi dan produk special gramedia untuk pengguna kartu debit dan brizzi bri.,gramedia,[],"['15%', '10%']",[]
60,mari rayakan ulang tahun dengan pesta belanja lazada 11.11 https://t.co/rnulldtj8p #diskon #belanja #shopping,bairuindra,['https://t.co/rnulldtj8p'],[],[]
61,@noviaprims diskon 15% buku terbitan gramedi dan produk special gramedia untuk pengguna kartu kredit bri.,gramedia,[],['15%'],[]
62,@noviaprims diskon 10% buku terbitan gramedi dan produk special gramedia untuk pengguna kartu debit dan brizzi bri.,gramedia,[],['10%'],[]
63,"hi, gunakan kode berikut ini joice97q9anm2xnt untuk mendapatkan diskon pembelian paket ruangbelajar di aplikasi mobile @ruangguru",Joice06708598,[],[],[]
64,"dapatkan diskon 50% all item !  syaratnya gampang banget, kangmas dan diajeng cukup datang memakai baju warna hitam ke outlet geprekboss di subha foodfest lt. 3 galeria mall . s&amp;k: hanya berlaku makan ditempat ya boss  hanya berlaku tanggal 31 oktober 2018 https://t.co/toj4ixdzn4",galeriamall,['https://t.co/toj4ixdzn4'],['50%'],[]
65,heii otwlovers udah tau belum di @otwpku ada diskon 50% loh untuk semua martabak manis buruan ke @otwpku sekarang cobain martabak nya dan masih banyak juga loh promo dan diskon lain nya #udahotw #otwfoodstreet #otwpku #minumanpku  #pekanbaruhits #pkuhits #kulinerpku ,OtWpku,[],['50%'],[]
66,"gajian makin seru di https://t.co/r9mwgvqhaa dengan diskon produk wrp hingga 15%. yuk, beli sekarang juga karena promo hanya hingga 5 november 2018! https://t.co/zjmi0z8gvz",NutriMartID,"['https://t.co/r9mwgvqhaa', 'https://t.co/zjmi0z8gvz']",['15%'],[]
67,"iluni mm-ui dan selasar, present ceo talks: seminar management insight-leading millenials.   pesan tiket, dan dapatkan diskon 20% dengan sebut kode promo: kumparan, dan tunjukan bahwa kamu sudah punya aplikasi kumparan saat datang di acara! register now: +62816939424 (wa only) https://t.co/kzkywxuho0",kumparan,['https://t.co/kzkywxuho0'],['20%'],[]
68,special promo buat anda pecinta desain !!!  *jasa desain logo (diskon 5%) *jasa desain brosur (diskon 5%) *jasa desain kalender (diskon 5%) *jasa iklan di sse (diskon 15%)  dan berbagai pelayanan terbaik untuk desain !!!  ayo  hubungi sekarang wa : assegaf (0817-7997-5106) https://t.co/v0areqf9xm,SatuViral,['https://t.co/v0areqf9xm'],"['5%', '5%', '5%', '15%']",[]
69,ayo dibeli dibeli mumpung diskon akhir tahun.  https://t.co/h2t99jib8q,giewahyudi,['https://t.co/h2t99jib8q'],[],[]
70,@dsuperboy 10 ribu bang +esteh+krupuk.. kadang dapet diskon gorengan 1. hhh,zaa_azhar,[],[],['10.000']
71, woodskin yellow sq   bahan : woodskin  size : 115 x 115 cm  harga : rp. 48.000  beli 3pcs  @ 46.000  . diskon 2 ribu/pcs untuk setiap pembelian 3 pcs yaa ukhty..  (boleh https://t.co/eywucqhv9p,ArsitaWPram,['https://t.co/eywucqhv9p'],[],"['48.000', '46.000']"
72, woodskin orange sq   bahan : woodskin  size : 115 x 115 cm  harga : rp. 48.000  beli 3pcs  @ 46.000  . diskon 2 ribu/pcs untuk setiap pembelian 3 pcs yaa ukhty..  (boleh https://t.co/fmwmmgqtnz,ArsitaWPram,['https://t.co/fmwmmgqtnz'],[],"['48.000', '46.000']"
73,"ingin traktir lunch teman sekantor tapi bingung pilih restorannya? kenapa ngga ke pizza hut aja dan tukarkan #fiestapoin sahabat, ada diskon hingga 30% loh. https://t.co/yemn4qws0g https://t.co/yqffg1ni1r",bankmandiri,"['https://t.co/yemn4qws0g', 'https://t.co/yqffg1ni1r']",['30%'],[]
74, woodskin bata sq   bahan : woodskin  size : 115 x 115 cm  harga : rp. 48.000  beli 3pcs  @ 46.000  . diskon 2 ribu/pcs untuk setiap pembelian 3 pcs yaa ukhty..  (boleh mix https://t.co/p1yaasxon5,ArsitaWPram,['https://t.co/p1yaasxon5'],[],"['48.000', '46.000']"
75, woodskin brown sq   bahan : woodskin  size : 115 x 115 cm  harga : rp. 48.000  beli 3pcs  @ 46.000  . diskon 2 ribu/pcs untuk setiap pembelian 3 pcs yaa ukhty..  (boleh https://t.co/flzfhvjjpz,ArsitaWPram,['https://t.co/flzfhvjjpz'],[],"['48.000', '46.000']"
76, woodskin mocca sq   bahan : woodskin  size : 115 x 115 cm  harga : rp. 48.000  beli 3pcs  @ 46.000  . diskon 2 ribu/pcs untuk setiap pembelian 3 pcs yaa ukhty..  (boleh mix https://t.co/5txqwrfkfx,ArsitaWPram,['https://t.co/5txqwrfkfx'],[],"['48.000', '46.000']"
77,"yang mau liburan ke #transstudiobandung weekend ini, yuk cus di manfaatkan friends promonya! love &amp; rt tweet ini dan tunjukkan di loket kita untuk mendapatkan diskon 25% htm trans studio bandung! 1 rt untuk 1 tiket ya, friends!   periode promo : 1 - 30 november 2018 https://t.co/hz8vm7muhb",TransStudioBdng,['https://t.co/hz8vm7muhb'],['25%'],[]
78,"jangan lupa juga mampir ke boothnya bni karena ada banyak promo menarik disini! ada diskon hingga 1,3 juta, cashback hingga 1 juta dan juga cicilan sampai 6 bulan. yakin gak pengen liburan pake promo ini???  #bni46 #ttlf2018 #startsfromthecard https://t.co/c4hmzflcv6",BNI,['https://t.co/c4hmzflcv6'],[],"['13.000.000', '1.000.000']"
79,lazada promo elektronik shopping days! diskon hingga 50% + voucher 10%! https://t.co/lwaojrk9sn,katalogpromosi,['https://t.co/lwaojrk9sn'],"['50%', '10%']",[]
80,"@integrawl @womanfeeds maksudnya dia, include ongkir dan diskon semuanya jadi 60k mba",expelliarmoux,[],[],['60.000']
81,@mygucci_boi semalem maybelline diskon beli pore eraser sm mascara cuma 100k :)) ga tahan aq tuch. ntar 11.11 beli lagi(?),elysianim,[],[],['100.000']
82,"@ninadinawati hi, kami informasikan untuk kupon diskon kredivo hanya bisa digunakan pada transaksi pertama menggunakan kredivo atau user baru kredivo yang belum pernah melakukan transaksi di merchant manapun. salam hangat :)",kredivo,[],[],[]
83,"barang baruuu. masih anget nihh, tengok yuuuu kode :akasia wedges harga :69000 size : 36-40 yuk diborong guysss! beli banyak dapat diskon :3 https://t.co/nuii5kxuxu  jual_beli kicaupromo",SepatuDocmartku,['https://t.co/nuii5kxuxu'],[],[]
84,"diskon toyota bogor, hub: 085701512000 https://t.co/upx6o9lxel #toyotabogor",Auto2000Bogor,['https://t.co/upx6o9lxel'],[],[]
85,"flash sale telah dimulai! 100 orang pertama yang menggunakan kode promo red4pm di jam 4 sore akan mendapatkan diskon 25%. hanya di reddoorz app dan https://t.co/cqvxcqc3fu ya, #redtraveler! - syarat &amp; ketentuan: https://t.co/3krzbkjon5 https://t.co/kgjr6u2e0z",RedDoorzID,"['https://t.co/cqvxcqc3fu', 'https://t.co/3krzbkjon5', 'https://t.co/kgjr6u2e0z']",['25%'],[]
86,hai seafood lovers. diskon 50% setiap hari untuk menu yang berbeda masih ada loh.  jangan lupa datang dan nikmati setiap menu dari @dcost_seafood  d'cost seafood lt.basement 1 tm mangga 2 square https://t.co/ubg1vs5lxb,TM_M2S_APG,['https://t.co/ubg1vs5lxb'],['50%'],[]
87,"untuk mengawali bulan november ini, cobain paket bakso tulang iga dari @basomoomoo, yuk! bayar pakai yukk cash dan nikmati diskon di baso moo moo sebesar 10% + reward 15% yang bisa kamu pakai di pembelian selanjutnya. #yukkpakeyukk #doubleserunya https://t.co/ptrxbws6dc",yukk_id,['https://t.co/ptrxbws6dc'],"['10%', '15%']",[]
88,"update apps https://t.co/69vhdymxvc sekarang buat maen game #histeriajeratjerit! dapatkan ekstra diskon hingga 500rb. yuk kunjungi booth dell, it galeri dan canon buat scan qr code-nya. #bliblionindocomtech https://t.co/mzikp21o4f",bliblidotcom,"['https://t.co/69vhdymxvc', 'https://t.co/mzikp21o4f']",[],['500.000']
89,"hey, klik linknya dan download app reddoorz skrg untuk mendapatkan diskon menginap berupa redcash senilai 50.000 di semua hotel reddoorz! https://t.co/asp9iqlpjy",mridwantama,['https://t.co/asp9iqlpjy'],[],['50.000']
90,periode promo klinik kiara healthcare 1 november - 31 desember 2018 untuk mu guru bakti kami untuk kasihmu diskon 35% untuk pemeriksaan medis dan laboratorium khusus untuk guru di seluruh indonesia. https://t.co/qe3ljjyzsj,KiaraHealthCare,['https://t.co/qe3ljjyzsj'],['35%'],[]
91,lelang online dimulai dari harga 10rb hingga flash sale diskon hingga 65% hanya di booth https://t.co/69vhdymxvc hall a jakarta convention center. #bliblionindocomtech https://t.co/o9wnxbeus0,bliblidotcom,"['https://t.co/69vhdymxvc', 'https://t.co/o9wnxbeus0']",['65%'],['10.000']
92,tunggu kehadiran kami di pmps (pasar malam perayaan sekaten) anjungan pemkot yogyakarta mulai tanggal 2 november 2018. bisa photo2 gratis dan dapet voucher diskon taman pule. cuss gaes! gass!,XTSquareOffice,[],[],[]
93,"hai aces, memasuki periode november 2018 ace hardware siap manjakan anda dengan promo spektakuler smart ways for living big.   berikut adalah 5 produk utama yang hematnya paling berasa selama periode promo kali ini: https://t.co/prv2n2jyy4 https://t.co/ejrqpgb7ye",ACEIndonesia,"['https://t.co/prv2n2jyy4', 'https://t.co/ejrqpgb7ye']",[],[]
94,"lewat aplikasi ini, bisa reservasi restoran plus dapat diskon 50%  https://t.co/kvxyo7js53",detikfood,['https://t.co/kvxyo7js53'],['50%'],[]
95,"untuk mengawali bulan november ini, cobain paket bakso tulang iga dari @basomoomoo, yuk! bayar pakai yukk cash dan nikmati diskon di baso moo moo sebesar 10% + reward 15% yang bisa kamu pakai di pembelian selanjutnya. #yukkpakeyukk #doubleserunya https://t.co/mul9xjzqac",yukk_id,['https://t.co/mul9xjzqac'],"['10%', '15%']",[]
96,"semalem kepikiran pengen beli primer. tau tau paginya buka shopee ada diskon 60% primer maybelline yg kumau. kata mamah, yg begini aja tuh bisa disebut rejeki:') pas pengen, pas lagi murah, dan kebagian:')))",agithapepe,[],['60%'],[]
97,"lewat aplikasi ini, bisa reservasi restoran plus dapat diskon 50% https://t.co/vzstg6xpwp https://t.co/khxu9esibw",foodball33,"['https://t.co/vzstg6xpwp', 'https://t.co/khxu9esibw']",['50%'],[]
98,"lewat aplikasi ini, bisa reservasi restoran plus dapat diskon 50% https://t.co/rl7cjrwvjx https://t.co/r0mja133ma",SayaSukaMasak,"['https://t.co/rl7cjrwvjx', 'https://t.co/r0mja133ma']",['50%'],[]
99,"lewat aplikasi ini, bisa reservasi restoran plus dapat diskon 50% https://t.co/mguxh7zp1q https://t.co/jwt6jmrkmw",redyvine,"['https://t.co/mguxh7zp1q', 'https://t.co/jwt6jmrkmw']",['50%'],[]
100,"lewat aplikasi ini, bisa reservasi restoran plus dapat diskon 50% https://t.co/8qz4ws6ja4 https://t.co/ngmdxofivm",lezatbergizi,"['https://t.co/8qz4ws6ja4', 'https://t.co/ngmdxofivm']",['50%'],[]
101,"lewat aplikasi ini, bisa reservasi restoran plus dapat diskon 50% https://t.co/nfdsmjhnbb -- https://t.co/ied3e8lduu",fbrdn,"['https://t.co/nfdsmjhnbb', 'https://t.co/ied3e8lduu']",['50%'],[]
102,"lewat aplikasi ini, bisa reservasi restoran plus dapat diskon 50% - detikcom (siaran pers) https://t.co/adnbabkhxn",FineCuisineSmg,['https://t.co/adnbabkhxn'],['50%'],[]
103,dapatkan tambahan diskon hingga 10% khusus bagi pemegang @kartukreditbca dan debit bca di home &amp; fashion bazaar perennials bandung hingga 4 nov 2018. fasilitas cicilan bca 0% hingga 12 bulan khusus untuk transaksi dengan kartu kredit bca. #bcalifestyle https://t.co/pdsrgtfn8l,KartuKreditBCA,['https://t.co/pdsrgtfn8l'],"['10%', '0%']",['10.000']
104,"cardholders, sudah waktunya mengganti springbed? jangan lupa datang ke dap fair di senayan city yah. cardholders bisa menikmati diskon hingga 70% + 10%* + cashback 500 ribu dengan #mandiricard loh https://t.co/h8iyogjvcb https://t.co/kjkrshkyih",mandiricard,"['https://t.co/h8iyogjvcb', 'https://t.co/kjkrshkyih']","['70%', '10%']",['500.000']
105,harga gledek 1 hari lagi! nikmati diskon tiket pesawat hingga 50% tanpa kode promo. samber tiketmu sekarang hanya di aplikasi https://t.co/at2ggfp6wa https://t.co/txzuqbc6ix #tiketkemanapun https://t.co/v9b8jrjjyr,tiket,"['https://t.co/at2ggfp6wa', 'https://t.co/txzuqbc6ix', 'https://t.co/v9b8jrjjyr']",['50%'],[]
106,dibuka prapesan!  mencari bali yang berubah karya : i ngurah suryawan harga : rp70.000 diskon : 25% hingga 15 november tebal : 276 hlmn jenis : etnografi whatsapp : 0813-1632-0671 https://t.co/odoyyq9gno,basabasi_store,['https://t.co/odoyyq9gno'],['25%'],['70.000']
107,"starbucks promo diskon 50% untuk pembelian minuman holiday special*, menggunakan starbucks tumbler / mug dan kartu kredit bca | lihat dulu yuk syarat dan ketentuan lengkapnya disini https://t.co/p3dax4eka4",katalogpromosi,['https://t.co/p3dax4eka4'],['50%'],[]
108,#repost hushpuppiesid          calm your day with the blue chow chow oxford.  keren kan buruan ke store yang di park23 lantai 1 disini bnyk bgt diskon nya .  #hushpuppies https://t.co/fpbrdnwo41,Park23Bali,['https://t.co/fpbrdnwo41'],[],[]
109,#jalanjalangratis #ngilanginstres #ngilanginstres tiket pesawat murah diskon klik https://t.co/xaalcmxf2u,TiketPesawatPro,['https://t.co/xaalcmxf2u'],[],[]
110,"kemarin sebelum ke maiyah, sempet nonton ini juga, dapat diskon lewat gotix. seneng akutu. https://t.co/evnphubo1q",ShadaHanin,['https://t.co/evnphubo1q'],[],[]
111,cukup dengan membawa minimal 2 orang pendamping kamu bisa merasakan promo brithday suprise loh! untuk pendamping harga weekday 60.000 &amp; weekend 87.500 (harga sudah di diskon 50%). syarat dan ketentuan berlaku. https://t.co/a15ogx1jkk,ancoltmnimpian,['https://t.co/a15ogx1jkk'],['50%'],"['60.000', '87.500']"
112,2 bioglass 4jt dapet diskon 300rb dapet lagi gratis kalung aura.. mau?,sellyriantica,[],[],"['4.000.000', '300.000']"
